Referencia;Cod. Cor;Ds. Cor
5001 97 00660;8400;AREIA
5001 97 00660;593;GRAFITE
5001 97 00660;505;MARINHO
5001 97 00660;593;GRAFITE
5001 97 00660;593;GRAFITE
5001 97 00660;8400;AREIA
5001 97 00660;81128;OCRE
5001 97 00660;505;MARINHO
5001 97 00660;501;PRETO
5001 97 00660;81128;OCRE
5001 97 00660;593;GRAFITE
5001 97 00660;593;GRAFITE
5001 97 00660;8400;AREIA
5001 97 00660;505;MARINHO
5001 97 00660;593;GRAFITE
5001 97 00660;505;MARINHO
5001 97 00660;505;MARINHO
5001 97 00660;505;MARINHO
5001 97 00660;83050;MILITAR
5001 97 00660;81128;OCRE
5001 97 00660;81128;OCRE
5001 97 00660;8400;AREIA
5001 97 00660;8400;AREIA
5001 97 00660;8400;AREIA
5001 97 00660;501;PRETO
5001 97 00660;505;MARINHO
5001 97 00660;501;PRETO
5001 97 00660;501;PRETO
5001 97 00660;83050;MILITAR
5001 97 00660;83050;MILITAR
5001 97 00660;83050;MILITAR
5001 97 00660;83050;MILITAR
5001 97 00660;83050;MILITAR
5001 97 00660;83050;MILITAR
5001 97 00660;501;PRETO
5001 97 00660;81128;OCRE
5001 97 00660;81128;OCRE
5001 97 00660;593;GRAFITE
5001 97 00660;593;GRAFITE
5001 97 00660;8400;AREIA
5001 97 00660;81128;OCRE
5001 97 00660;505;MARINHO
5001 97 00660;505;MARINHO
5001 97 00660;83050;MILITAR
5001 97 00660;83050;MILITAR
5001 97 00660;81128;OCRE
5001 97 00660;593;GRAFITE
5001 97 00660;8400;AREIA
5001 97 00660;501;PRETO
5001 97 00660;81128;OCRE
5001 97 00660;8400;AREIA
5001 97 00660;501;PRETO
5001 97 00660;501;PRETO
5001 97 00660;501;PRETO
5001 97 00663;501;PRETO
5001 97 00663;8400;AREIA
5001 97 00663;501;PRETO
5001 97 00663;505;MARINHO
5001 97 00663;593;GRAFITE
5001 97 00663;593;GRAFITE
5001 97 00663;593;GRAFITE
5001 97 00663;81128;OCRE
5001 97 00663;81128;OCRE
5001 97 00663;8400;AREIA
5001 97 00663;8400;AREIA
5001 97 00663;501;PRETO
5001 97 00663;505;MARINHO
5001 97 00663;81128;OCRE
5001 97 00663;505;MARINHO
5001 97 00663;505;MARINHO
5001 97 00663;81128;OCRE
5001 97 00663;81128;OCRE
5001 97 00663;8400;AREIA
5001 97 00663;501;PRETO
5001 97 00663;505;MARINHO
5001 97 00663;81128;OCRE
5001 97 00663;593;GRAFITE
5001 97 00663;593;GRAFITE
5001 97 00663;502;BRANCO
5001 97 00663;502;BRANCO
5001 97 00663;505;MARINHO
5001 97 00663;81128;OCRE
5001 97 00663;502;BRANCO
5001 97 00663;501;PRETO
5001 97 00663;505;MARINHO
5001 97 00663;505;MARINHO
5001 97 00663;81128;OCRE
5001 97 00663;593;GRAFITE
5001 97 00663;8400;AREIA
5001 97 00663;8400;AREIA
5001 97 00663;8400;AREIA
5001 97 00663;501;PRETO
5001 97 00663;501;PRETO
5001 97 00663;505;MARINHO
5001 97 00663;81128;OCRE
5001 97 00663;593;GRAFITE
5001 97 00663;502;BRANCO
5001 97 00663;593;GRAFITE
5001 97 00663;502;BRANCO
5001 97 00663;502;BRANCO
5001 97 00663;502;BRANCO
5001 97 00663;502;BRANCO
5001 97 00663;8400;AREIA
5001 97 00663;502;BRANCO
5001 97 00663;8400;AREIA
5001 97 00663;501;PRETO
5001 97 00663;501;PRETO
5001 97 00663;593;GRAFITE
5001 97 00664;90162;DELAVE
5001 97 00664;90148;BLUE
5001 97 00664;90154;BLUE MEDIO
5001 97 00664;90148;BLUE
5001 97 00664;90153;BLUE ESCURO
5001 97 00664;90154;BLUE MEDIO
5001 97 00664;90154;BLUE MEDIO
5001 97 00664;90153;BLUE ESCURO
5001 97 00664;90153;BLUE ESCURO
5001 97 00664;90162;DELAVE
5001 97 00664;90153;BLUE ESCURO
5001 97 00664;90154;BLUE MEDIO
5001 97 00664;90148;BLUE
5001 97 00664;90148;BLUE
5001 97 00664;90153;BLUE ESCURO
5001 97 00664;90154;BLUE MEDIO
5001 97 00664;90162;DELAVE
5001 97 00664;90148;BLUE
5001 97 00664;90154;BLUE MEDIO
5001 97 00664;90153;BLUE ESCURO
5001 97 00664;90148;BLUE
5001 97 00664;90153;BLUE ESCURO
5001 97 00664;90148;BLUE
5001 97 00664;90154;BLUE MEDIO
5001 97 00664;90162;DELAVE
5001 97 00664;90153;BLUE ESCURO
5001 97 00664;90162;DELAVE
5001 97 00664;90162;DELAVE
5001 97 00664;90153;BLUE ESCURO
5001 97 00664;90162;DELAVE
5001 97 00664;90162;DELAVE
5001 97 00664;90154;BLUE MEDIO
5001 97 00664;90154;BLUE MEDIO
5001 97 00664;90148;BLUE
5001 97 00664;90148;BLUE
5001 97 00664;90162;DELAVE
5001 97 00664;90162;DELAVE
5001 97 00664;90154;BLUE MEDIO
5001 97 00664;90153;BLUE ESCURO
5001 97 00714;505;MARINHO
5001 97 00714;501;PRETO
5001 97 00714;8400;AREIA
5001 97 00714;501;PRETO
5001 97 00714;83050;MILITAR
5001 97 00714;83050;MILITAR
5001 97 00714;81128;OCRE
5001 97 00714;81128;OCRE
5001 97 00714;83050;MILITAR
5001 97 00714;8400;AREIA
5001 97 00714;505;MARINHO
5001 97 00714;505;MARINHO
5001 97 00714;505;MARINHO
5001 97 00714;501;PRETO
5001 97 00714;81128;OCRE
5001 97 00714;593;GRAFITE
5001 97 00714;593;GRAFITE
5001 97 00714;81128;OCRE
5001 97 00714;83050;MILITAR
5001 97 00714;81128;OCRE
5001 97 00714;8400;AREIA
5001 97 00714;505;MARINHO
5001 97 00714;505;MARINHO
5001 97 00714;593;GRAFITE
5001 97 00714;593;GRAFITE
5001 97 00714;81128;OCRE
5001 97 00714;501;PRETO
5001 97 00714;505;MARINHO
5001 97 00714;501;PRETO
5001 97 00714;593;GRAFITE
5001 97 00714;593;GRAFITE
5001 97 00714;81128;OCRE
5001 97 00714;501;PRETO
5001 97 00714;501;PRETO
5001 97 00714;8400;AREIA
5001 97 00714;8400;AREIA
5001 97 00714;593;GRAFITE
5001 97 00714;593;GRAFITE
5001 97 00714;505;MARINHO
5001 97 00714;501;PRETO
5001 97 00714;8400;AREIA
5001 97 00714;8400;AREIA
5001 97 00714;8400;AREIA
5001 97 00714;83050;MILITAR
5001 97 00714;83050;MILITAR
5001 97 00714;501;PRETO
5001 97 00714;505;MARINHO
5001 97 00714;83050;MILITAR
5001 97 00714;81128;OCRE
5001 97 00714;83050;MILITAR
5001 97 00714;81128;OCRE
5001 97 00714;83050;MILITAR
5001 97 00714;593;GRAFITE
5001 97 00714;8400;AREIA
5001 97 00754;90162;DELAVE
5001 97 00754;90153;BLUE ESCURO
5001 97 00754;90153;BLUE ESCURO
5001 97 00754;90153;BLUE ESCURO
5001 97 00754;90154;BLUE MEDIO
5001 97 00754;90162;DELAVE
5001 97 00754;90154;BLUE MEDIO
5001 97 00754;90153;BLUE ESCURO
5001 97 00754;90154;BLUE MEDIO
5001 97 00754;90162;DELAVE
5001 97 00754;90162;DELAVE
5001 97 00754;90153;BLUE ESCURO
5001 97 00754;90162;DELAVE
5001 97 00754;90153;BLUE ESCURO
5001 97 00754;90153;BLUE ESCURO
5001 97 00754;90162;DELAVE
5001 97 00754;90154;BLUE MEDIO
5001 97 00754;90154;BLUE MEDIO
5001 97 00754;90154;BLUE MEDIO
5001 97 00754;90162;DELAVE
5001 97 00754;90162;DELAVE
5001 97 00754;90154;BLUE MEDIO
5001 97 00754;90154;BLUE MEDIO
5001 97 00754;90162;DELAVE
5001 97 00754;90153;BLUE ESCURO
5001 97 00754;90154;BLUE MEDIO
5001 97 00754;90153;BLUE ESCURO
